ID,createdAt,createdBy,modifiedAt,modifiedBy,Name,Rating,Comment,Product_ID
1,2022-03-15T08:30:00.000Z,,2022-03-15T08:30:00.000Z,,John Doe,4,"Nice product\nIt exceeded my expectations.",1
2,2022-03-16T10:45:00.000Z,,2022-03-16T10:45:00.000Z,,Mary Johnson,3,"Average product\nNot bad, but there's room for improvement.",2
3,2022-03-17T12:15:00.000Z,,2022-03-17T12:15:00.000Z,,Carlos Lopez,5,"Excellent product\nHighly recommended.",3
4,2022-03-18T14:30:00.000Z,,2022-03-18T14:30:00.000Z,,Laura Rodriguez,2,"Disappointing product\nNot worth the price.",4
5,2022-03-19T16:45:00.000Z,,2022-03-19T16:45:00.000Z,,Andrew Martinez,4,"Good product\nSatisfied with the quality.",5
6,2022-03-20T18:00:00.000Z,,2022-03-20T18:00:00.000Z,,Sophia Hernandez,5,"Amazing product\nWill buy again.",6
7,2022-03-21T20:30:00.000Z,,2022-03-21T20:30:00.000Z,,Daniel Diaz,3,"Not bad\nCould be better.",7
8,2022-03-22T22:45:00.000Z,,2022-03-22T22:45:00.000Z,,Isabel Romero,4,"Very satisfied\nWorth the money.",8
9,2022-03-23T00:15:00.000Z,,2022-03-23T00:15:00.000Z,,Pablo Sanchez,2,"Displeased\nNot what I expected.",9
10,2022-03-24T02:30:00.000Z,,2022-03-24T02:30:00.000Z,,Marta Torres,5,"Impressive\nTop-notch quality.",10
11,2022-03-25T04:45:00.000Z,,2022-03-25T04:45:00.000Z,,Robert Gomez,3,"Decent product\nCould use some improvements.",11
12,2022-03-26T06:00:00.000Z,,2022-03-26T06:00:00.000Z,,Ana Vargas,4,"Satisfied customer\nWill recommend to others.",12
13,2022-03-27T08:30:00.000Z,,2022-03-27T08:30:00.000Z,,Fernando Rios,5,"Excellent service\nPrompt delivery and great quality.",13
14,2022-03-28T10:45:00.000Z,,2022-03-28T10:45:00.000Z,,Julia Molina,2,"Not satisfied\nProduct did not meet expectations.",14
15,2022-03-29T12:15:00.000Z,,2022-03-29T12:15:00.000Z,,Miguel Nunez,4,"Good experience\nWould buy again.",15
16,2022-03-30T14:30:00.000Z,,2022-03-30T14:30:00.000Z,,Sarah Castro,3,"Okay\nNot bad, not great.",16
17,2022-03-31T16:45:00.000Z,,2022-03-31T16:45:00.000Z,,Eduardo Herrera,5,"Highly recommended\nWorth the price.",17
18,2022-04-01T18:00:00.000Z,,2022-04-01T18:00:00.000Z,,Lucia Jimenez,3,"Average\nNot bad, not exceptional.",18
19,2022-04-02T20:30:00.000Z,,2022-04-02T20:30:00.000Z,,Felipe Silva,4,"Great value\nReasonable price for good quality.",19
20,2022-04-03T22:45:00.000Z,,2022-04-03T22:45:00.000Z,,Carolina Gonzalez,5,"Fantastic\nBeyond my expectations.",20
21,2022-04-04T00:15:00.000Z,,2022-04-04T00:15:00.000Z,,James Perez,3,"Okay product\nCould improve in some areas.",21
22,2022-04-05T02:30:00.000Z,,2022-04-05T02:30:00.000Z,,Natalie Garcia,4,"Satisfied\nMet my expectations.",22
23,2022-04-06T04:45:00.000Z,,2022-04-06T04:45:00.000Z,,Gabriel Lopez,2,"Not recommended\nDid not meet expectations.",23
24,2022-04-07T06:00:00.000Z,,2022-04-07T06:00:00.000Z,,Veronica Rodriguez,4,"Good service\nTimely delivery and good customer support.",24
25,2022-04-08T08:30:00.000Z,,2022-04-08T08:30:00.000Z,,Alexander Martinez,5,"Top-notch\nExceeded my expectations.",25
26,2022-04-09T10:45:00.000Z,,2022-04-09T10:45:00.000Z,,Elena Hernandez,3,"Average service\nCould improve in communication.",26
