ID,Name,Address_Street,Address_City,Address_State,Address_PostalCode,Address_Country,Email,Phone,Fax
1,John Doe,Main Street 123,City A,State 1,12345,Country A,john.doe@email.com,+1 555-1234,+1 555-5678
2,Mary Johnson,Central Avenue 456,City B,State 2,56789,Country B,mary.johnson@email.com,+1 555-2345,+1 555-6789
3,Carlos Lopez,Secondary Street 789,City C,State 3,10111,Country C,carlos.lopez@email.com,+1 555-3456,+1 555-7890
4,Laura Rodriguez,North Avenue 012,City D,State 4,12121,Country D,laura.rodriguez@email.com,+1 555-4567,+1 555-8901
5,Andrew Martinez,East Street 345,City E,State 5,14141,Country E,andrew.martinez@email.com,+1 555-5678,+1 555-9012
6,Sophia Hernandez,West Avenue 678,City F,State 6,16161,Country F,sophia.hernandez@email.com,+1 555-6789,+1 555-0123
7,Daniel Diaz,Main Street 901,City G,State 7,18181,Country G,daniel.diaz@email.com,+1 555-7890,+1 555-1234
8,Isabel Romero,Central Avenue 234,City H,State 8,20202,Country H,isabel.romero@email.com,+1 555-8901,+1 555-2345
9,Pablo Sanchez,Secondary Street 567,City I,State 9,22222,Country I,pablo.sanchez@email.com,+1 555-9012,+1 555-3456
10,Marta Torres,North Avenue 890,City J,State 10,24242,Country J,marta.torres@email.com,+1 555-0123,+1 555-4567
11,Robert Gomez,East Street 123,City K,State 11,26262,Country K,roberto.gomez@email.com,+1 555-1234,+1 555-5678
12,Ana Vargas,West Avenue 456,City L,State 12,28282,Country L,ana.vargas@email.com,+1 555-2345,+1 555-6789
13,Fernando Rios,Main Street 789,City M,State 13,30303,Country M,fernando.rios@email.com,+1 555-3456,+1 555-8901
14,Julia Molina,Central Avenue 012,City N,State 14,32323,Country N,julia.molina@email.com,+1 555-4567,+1 555-9012
15,Miguel Nunez,Secondary Street 345,City O,State 15,34343,Country O,miguel.nunez@email.com,+1 555-5678,+1 555-0123
16,Sarah Castro,North Avenue 678,City P,State 16,36363,Country P,sarah.castro@email.com,+1 555-6789,+1 555-2345
17,Eduardo Herrera,East Street 901,City Q,State 17,38383,Country Q,eduardo.herrera@email.com,+1 555-7890,+1 555-3456
18,Lucia Jimenez,West Avenue 234,City R,State 18,40404,Country R,lucia.jimenez@email.com,+1 555-8901,+1 555-4567
19,Felipe Silva,Main Street 567,City S,State 19,42424,Country S,felipe.silva@email.com,+1 555-9012,+1 555-5678
20,Carolina Gonzalez,Central Avenue 890,City T,State 20,44444,Country T,carolina.gonzalez@email.com,+1 555-0123,+1 555-6789
21,James Perez,Secondary Street 123,City U,State 21,46464,Country U,james.perez@email.com,+1 555-1234,+1 555-7890
22,Natalie Garcia,North Avenue 456,City V,State 22,48484,Country V,natalie.garcia@email.com,+1 555-2345,+1 555-8901
23,Gabriel Lopez,East Street 789,City W,State 23,50505,Country W,gabriel.lopez@email.com,+1 555-3456,+1 555-9012
24,Veronica Rodriguez,West Avenue 012,City X,State 24,52525,Country X,veronica.rodriguez@email.com,+1 555-4567,+1 555-0123
25,Alexander Martinez,Main Street 345,City Y,State 25,54545,Country Y,alexander.martinez@email.com,+1 555-5678,+1 555-2345
26,Elena Hernandez,Central Avenue 678,City Z,State 26,56565,Country Z,elena.hernandez@email.com,+1 555-6789,+1 555-3456
